{"train/global_step": 225, "_timestamp": 1733459326.8577883, "_runtime": 37540.174898302, "_step": 1799, "train/loss": 0.1068, "train/grad_norm": 0.9288859367370605, "train/learning_rate": 2.2222222222222224e-07, "train/epoch": 5, "eval/loss": 3.2969024181365967, "eval/runtime": 7.2448, "eval/samples_per_second": 12.009, "eval/steps_per_second": 0.828, "train_runtime": 953.4981, "train_samples_per_second": 3.776, "train_steps_per_second": 0.236, "total_flos": 1.55928873664512e+16, "train_loss": 0.03862423815661006}